r,count_on_policy,count_off_policy,expression,traversal,nmse_test,nmse_test_noiseless,success,expression_named,expression_pretty,m_flow_formula
0.8119480060793756,1,0,x2*x3/(x2 + x3*(x4 + x5)/(x4*x5**2)),"div,mul,x3,x2,add,div,div,div,mul,add,x4,x5,x3,x5,x4,x5,x2",0.053641318712231,0.053641318712231,False,pi2*pi3/(pi2 + pi3*(pi4 + pi5)/(pi4*pi5**2)),"      π₂⋅π₃      
─────────────────
     π₃⋅(π₄ + π₅)
π₂ + ────────────
             2   
        π₄⋅π₅    ",Aref_m2 * (pi2*pi3/(pi2 + pi3*(pi4 + pi5)/(pi4*pi5**2))) * sqrt(2 * rho_in_kg_m3 * deltaP_Pa) * 1000
0.7448726433335822,1,0,x2*x5*(-x2 + (x1 + x2)/x1) + x4,"add,mul,mul,sub,div,add,div,mul,x1,x2,x1,x1,x1,x2,x5,x2,x4",0.1173140451296842,0.1173140451296842,False,pi2*pi5*(-pi2 + (pi1 + pi2)/pi1) + pi4,"      ⎛      π₁ + π₂⎞     
π₂⋅π₅⋅⎜-π₂ + ───────⎟ + π₄
      ⎝         π₁  ⎠     ",Aref_m2 * (pi2*pi5*(-pi2 + (pi1 + pi2)/pi1) + pi4) * sqrt(2 * rho_in_kg_m3 * deltaP_Pa) * 1000
0.6954618799503633,1,0,x2*(-x1 + x2*(x2 + x3*x5 + x5) + x5),"mul,sub,add,mul,x2,add,add,mul,x5,x3,x5,x2,x5,x1,x2",0.1917505704105257,0.1917505704105257,False,pi2*(-pi1 + pi2*(pi2 + pi3*pi5 + pi5) + pi5),π₂⋅(-π₁ + π₂⋅(π₂ + π₃⋅π₅ + π₅) + π₅),Aref_m2 * (pi2*(-pi1 + pi2*(pi2 + pi3*pi5 + pi5) + pi5)) * sqrt(2 * rho_in_kg_m3 * deltaP_Pa) * 1000
0.684106438860566,1,0,x2*x3*(x2 + x5/x3),"mul,mul,x2,add,add,x5,x2,sub,div,x5,x3,x5,x3",0.2132230696879833,0.2132230696879833,False,pi2*pi3*(pi2 + pi5/pi3),"      ⎛     π₅⎞
π₂⋅π₃⋅⎜π₂ + ──⎟
      ⎝     π₃⎠",Aref_m2 * (pi2*pi3*(pi2 + pi5/pi3)) * sqrt(2 * rho_in_kg_m3 * deltaP_Pa) * 1000
0.6838375795290158,1,0,x2*(x2*x5 + x5),"mul,x2,add,x5,mul,x5,x2",0.2137541567761637,0.2137541567761637,False,pi2*(pi2*pi5 + pi5),π₂⋅(π₂⋅π₅ + π₅),Aref_m2 * (pi2*(pi2*pi5 + pi5)) * sqrt(2 * rho_in_kg_m3 * deltaP_Pa) * 1000
0.6818780058975252,1,0,x2*(2*x2 + x5),"mul,mul,div,add,x5,add,x2,x2,x5,x5,x2",0.2176576958475465,0.2176576958475465,False,pi2*(2*pi2 + pi5),π₂⋅(2⋅π₂ + π₅),Aref_m2 * (pi2*(2*pi2 + pi5)) * sqrt(2 * rho_in_kg_m3 * deltaP_Pa) * 1000
0.6796193680668317,1,0,x2*(x2 - x4 + x5 + x2*(x2 + x4)/x1),"mul,sub,add,add,x2,x5,mul,add,x4,x2,div,x2,x1,x4,x2",0.2222291438861262,0.2222291438861262,False,pi2*(pi2 - pi4 + pi5 + pi2*(pi2 + pi4)/pi1),"   ⎛               π₂⋅(π₂ + π₄)⎞
π₂⋅⎜π₂ - π₄ + π₅ + ────────────⎟
   ⎝                    π₁     ⎠",Aref_m2 * (pi2*(pi2 - pi4 + pi5 + pi2*(pi2 + pi4)/pi1)) * sqrt(2 * rho_in_kg_m3 * deltaP_Pa) * 1000
0.6773981991664992,1,0,x2*(x2 + x4 + x5),"mul,x2,add,x5,add,x2,x4",0.2268012789550224,0.2268012789550224,False,pi2*(pi2 + pi4 + pi5),π₂⋅(π₂ + π₄ + π₅),Aref_m2 * (pi2*(pi2 + pi4 + pi5)) * sqrt(2 * rho_in_kg_m3 * deltaP_Pa) * 1000
0.677396419150407,1,0,x2*(x2 - x3**2*x4 + x5),"mul,x2,sub,x2,sub,mul,x3,mul,x4,x3,x5",0.2268049737599001,0.2268049737599001,False,pi2*(pi2 - pi3**2*pi4 + pi5),"   ⎛       2        ⎞
π₂⋅⎝π₂ - π₃ ⋅π₄ + π₅⎠",Aref_m2 * (pi2*(pi2 - pi3**2*pi4 + pi5)) * sqrt(2 * rho_in_kg_m3 * deltaP_Pa) * 1000
0.6771805066828788,1,0,x2*(2*x2*x5 + x5),"mul,add,mul,x5,add,sub,x3,sub,x3,x2,x2,x5,x2",0.227253513802651,0.227253513802651,False,pi2*(2*pi2*pi5 + pi5),π₂⋅(2⋅π₂⋅π₅ + π₅),Aref_m2 * (pi2*(2*pi2*pi5 + pi5)) * sqrt(2 * rho_in_kg_m3 * deltaP_Pa) * 1000
0.6735488852071055,1,0,x2*(-x1 + x1/x5 + 2*x2 + x5),"mul,x2,add,x2,add,sub,add,x5,div,x1,x5,x1,x2",0.2349081413705659,0.2349081413705659,False,pi2*(-pi1 + pi1/pi5 + 2*pi2 + pi5),"   ⎛      π₁            ⎞
π₂⋅⎜-π₁ + ── + 2⋅π₂ + π₅⎟
   ⎝      π₅            ⎠",Aref_m2 * (pi2*(-pi1 + pi1/pi5 + 2*pi2 + pi5)) * sqrt(2 * rho_in_kg_m3 * deltaP_Pa) * 1000
0.6716282019400223,1,0,x2*(x1*(x2*x3/x5 + x2) + x5),"div,mul,mul,add,mul,add,div,mul,x3,x2,x5,x2,x1,x5,x2,x2,x2",0.239041801949166,0.239041801949166,False,pi2*(pi1*(pi2*pi3/pi5 + pi2) + pi5),"   ⎛   ⎛π₂⋅π₃     ⎞     ⎞
π₂⋅⎜π₁⋅⎜───── + π₂⎟ + π₅⎟
   ⎝   ⎝  π₅      ⎠     ⎠",Aref_m2 * (pi2*(pi1*(pi2*pi3/pi5 + pi2) + pi5)) * sqrt(2 * rho_in_kg_m3 * deltaP_Pa) * 1000
0.6701448722339135,1,0,x5*(x2 + x3**3*x4),"mul,add,mul,x2,mul,x3,div,mul,mul,x3,x3,x4,x2,x2,x5",0.24227526759487,0.24227526759487,False,pi5*(pi2 + pi3**3*pi4),"   ⎛       3   ⎞
π₅⋅⎝π₂ + π₃ ⋅π₄⎠",Aref_m2 * (pi5*(pi2 + pi3**3*pi4)) * sqrt(2 * rho_in_kg_m3 * deltaP_Pa) * 1000
0.670052642984714,1,0,x4*x5*(x2 + x4)/x1,"div,x5,div,div,x1,x4,add,x2,x4",0.2424775071913444,0.2424775071913444,False,pi4*pi5*(pi2 + pi4)/pi1,"π₄⋅π₅⋅(π₂ + π₄)
───────────────
       π₁      ",Aref_m2 * (pi4*pi5*(pi2 + pi4)/pi1) * sqrt(2 * rho_in_kg_m3 * deltaP_Pa) * 1000
0.6700517267440935,1,0,x4 + x5*(x2 + x4/x3),"add,x4,mul,add,div,x4,x3,x2,x5",0.2424795170194326,0.2424795170194326,False,pi4 + pi5*(pi2 + pi4/pi3),"        ⎛     π₄⎞
π₄ + π₅⋅⎜π₂ + ──⎟
        ⎝     π₃⎠",Aref_m2 * (pi4 + pi5*(pi2 + pi4/pi3)) * sqrt(2 * rho_in_kg_m3 * deltaP_Pa) * 1000
0.6700401889695797,1,0,-x2*(x4*(-x3 + 2*x4*x5) - x5) + x4,"sub,x4,mul,x2,sub,mul,sub,mul,add,x4,x4,x5,x3,x4,x5",0.2425048269947295,0.2425048269947295,False,-pi2*(pi4*(-pi3 + 2*pi4*pi5) - pi5) + pi4,-π₂⋅(π₄⋅(-π₃ + 2⋅π₄⋅π₅) - π₅) + π₄,Aref_m2 * (-pi2*(pi4*(-pi3 + 2*pi4*pi5) - pi5) + pi4) * sqrt(2 * rho_in_kg_m3 * deltaP_Pa) * 1000
0.6700398477561945,1,0,x2*(x4 + x5) + x4,"add,x4,mul,x2,add,x4,x5",0.2425055755348802,0.2425055755348802,False,pi2*(pi4 + pi5) + pi4,π₂⋅(π₄ + π₅) + π₄,Aref_m2 * (pi2*(pi4 + pi5) + pi4) * sqrt(2 * rho_in_kg_m3 * deltaP_Pa) * 1000
0.6700393856855481,1,0,x2*x4*x5/(x2 + x3) + x4,"add,x4,div,x2,div,div,add,x2,x3,x4,x5",0.2425065892098686,0.2425065892098686,False,pi2*pi4*pi5/(pi2 + pi3) + pi4,"π₂⋅π₄⋅π₅     
──────── + π₄
π₂ + π₃      ",Aref_m2 * (pi2*pi4*pi5/(pi2 + pi3) + pi4) * sqrt(2 * rho_in_kg_m3 * deltaP_Pa) * 1000
0.6700349028044298,1,0,x2*x5 + x4/x5,"add,div,x4,x5,mul,x2,x5",0.2425164237857234,0.2425164237857234,False,pi2*pi5 + pi4/pi5,"        π₄
π₂⋅π₅ + ──
        π₅",Aref_m2 * (pi2*pi5 + pi4/pi5) * sqrt(2 * rho_in_kg_m3 * deltaP_Pa) * 1000
0.6700340712802761,1,0,x5*(x2 + x4/(x1 + x3*x5 + x5)),"mul,x5,add,div,x4,add,add,x5,mul,x3,x5,x1,x2",0.242518248025603,0.242518248025603,False,pi5*(pi2 + pi4/(pi1 + pi3*pi5 + pi5)),"   ⎛            π₄      ⎞
π₅⋅⎜π₂ + ───────────────⎟
   ⎝     π₁ + π₃⋅π₅ + π₅⎠",Aref_m2 * (pi5*(pi2 + pi4/(pi1 + pi3*pi5 + pi5))) * sqrt(2 * rho_in_kg_m3 * deltaP_Pa) * 1000
0.6700333680930646,1,0,x2*(x3*x4*(x2 + x5) + x5),"mul,x2,add,mul,add,x5,x2,mul,x3,x4,x5",0.2425197907222758,0.2425197907222758,False,pi2*(pi3*pi4*(pi2 + pi5) + pi5),π₂⋅(π₃⋅π₄⋅(π₂ + π₅) + π₅),Aref_m2 * (pi2*(pi3*pi4*(pi2 + pi5) + pi5)) * sqrt(2 * rho_in_kg_m3 * deltaP_Pa) * 1000
0.6700323277230518,1,0,x2*(x4*x5*(-x2 + (2*x3 - x5)/x4) + x5),"mul,x2,add,mul,mul,x5,sub,div,add,sub,x3,x5,x3,x4,x2,x4,x5",0.2425220731668872,0.2425220731668872,False,pi2*(pi4*pi5*(-pi2 + (2*pi3 - pi5)/pi4) + pi5),"   ⎛      ⎛      2⋅π₃ - π₅⎞     ⎞
π₂⋅⎜π₄⋅π₅⋅⎜-π₂ + ─────────⎟ + π₅⎟
   ⎝      ⎝          π₄   ⎠     ⎠",Aref_m2 * (pi2*(pi4*pi5*(-pi2 + (2*pi3 - pi5)/pi4) + pi5)) * sqrt(2 * rho_in_kg_m3 * deltaP_Pa) * 1000
0.6700316224668804,1,0,x2*(x4 + x5),"div,add,x4,x5,div,x3,mul,x2,x3",0.2425236204228411,0.2425236204228411,False,pi2*(pi4 + pi5),π₂⋅(π₄ + π₅),Aref_m2 * (pi2*(pi4 + pi5)) * sqrt(2 * rho_in_kg_m3 * deltaP_Pa) * 1000
0.6700311603992576,1,0,x2*x5,"mul,x2,mul,x5,div,x5,x5",0.2425246341537981,0.2425246341537981,False,pi2*pi5,π₂⋅π₅,Aref_m2 * (pi2*pi5) * sqrt(2 * rho_in_kg_m3 * deltaP_Pa) * 1000
0.6700311603992576,1,0,x2*x5,"mul,x5,sub,x4,sub,x4,x2",0.2425246341537981,0.2425246341537981,False,pi2*pi5,π₂⋅π₅,Aref_m2 * (pi2*pi5) * sqrt(2 * rho_in_kg_m3 * deltaP_Pa) * 1000
0.6700311603992576,1,0,x2*x5,"mul,x2,sub,add,x5,x1,x1",0.2425246341537981,0.2425246341537981,False,pi2*pi5,π₂⋅π₅,Aref_m2 * (pi2*pi5) * sqrt(2 * rho_in_kg_m3 * deltaP_Pa) * 1000
0.6700311603992576,1,0,x2*x5,"mul,x2,mul,add,x5,sub,x5,x5,div,x2,x2",0.2425246341537981,0.2425246341537981,False,pi2*pi5,π₂⋅π₅,Aref_m2 * (pi2*pi5) * sqrt(2 * rho_in_kg_m3 * deltaP_Pa) * 1000
0.6700311603992576,1,0,0,"div,mul,x5,x2,div,x1,sub,x1,x1",0.2425246341537981,0.2425246341537981,False,0,0,Aref_m2 * (0) * sqrt(2 * rho_in_kg_m3 * deltaP_Pa) * 1000
0.6700311603992576,1,0,x2*x4*x5/x3,"mul,x3,div,mul,x5,div,x2,x3,div,x3,x4",0.2425246341537981,0.2425246341537981,False,pi2*pi4*pi5/pi3,"π₂⋅π₄⋅π₅
────────
   π₃   ",Aref_m2 * (pi2*pi4*pi5/pi3) * sqrt(2 * rho_in_kg_m3 * deltaP_Pa) * 1000
0.6700311603992576,1,0,x2*x5,"mul,x5,mul,div,x2,x3,x3",0.2425246341537981,0.2425246341537981,False,pi2*pi5,π₂⋅π₅,Aref_m2 * (pi2*pi5) * sqrt(2 * rho_in_kg_m3 * deltaP_Pa) * 1000
0.6700311603992576,1,0,x2*x5,"mul,x2,div,x5,div,x5,x5",0.2425246341537981,0.2425246341537981,False,pi2*pi5,π₂⋅π₅,Aref_m2 * (pi2*pi5) * sqrt(2 * rho_in_kg_m3 * deltaP_Pa) * 1000
0.6700311603992576,1,0,x2*x5,"mul,x5,add,x3,sub,x2,x3",0.242524634153798,0.242524634153798,False,pi2*pi5,π₂⋅π₅,Aref_m2 * (pi2*pi5) * sqrt(2 * rho_in_kg_m3 * deltaP_Pa) * 1000
0.6700311603992576,1,0,x2*x5,"mul,x5,mul,div,x5,x5,add,x2,sub,x1,x1",0.2425246341537981,0.2425246341537981,False,pi2*pi5,π₂⋅π₅,Aref_m2 * (pi2*pi5) * sqrt(2 * rho_in_kg_m3 * deltaP_Pa) * 1000
0.6700311603992576,1,0,x2*x5,"mul,sub,add,x1,x5,x1,x2",0.2425246341537981,0.2425246341537981,False,pi2*pi5,π₂⋅π₅,Aref_m2 * (pi2*pi5) * sqrt(2 * rho_in_kg_m3 * deltaP_Pa) * 1000
0.6700311603992576,1,0,x2*x5,"sub,mul,x5,x2,sub,x1,x1",0.2425246341537981,0.2425246341537981,False,pi2*pi5,π₂⋅π₅,Aref_m2 * (pi2*pi5) * sqrt(2 * rho_in_kg_m3 * deltaP_Pa) * 1000
0.6700311603992576,1,0,x1*x2*x5/x4,"mul,x5,mul,div,x1,x4,x2",0.2425246341537981,0.2425246341537981,False,pi1*pi2*pi5/pi4,"π₁⋅π₂⋅π₅
────────
   π₄   ",Aref_m2 * (pi1*pi2*pi5/pi4) * sqrt(2 * rho_in_kg_m3 * deltaP_Pa) * 1000
0.6700307873157695,1,0,x2*(x4*(x1 + x4*(x2 + x4)) - x4 + x5),"mul,sub,add,mul,add,mul,x4,add,x2,x4,x1,x4,x5,x4,x2",0.242525452664874,0.242525452664874,False,pi2*(pi4*(pi1 + pi4*(pi2 + pi4)) - pi4 + pi5),π₂⋅(π₄⋅(π₁ + π₄⋅(π₂ + π₄)) - π₄ + π₅),Aref_m2 * (pi2*(pi4*(pi1 + pi4*(pi2 + pi4)) - pi4 + pi5)) * sqrt(2 * rho_in_kg_m3 * deltaP_Pa) * 1000
0.6700306983317587,1,0,x2*(-x4 + x5),"mul,x2,sub,x5,x4",0.242525647888,0.242525647888,False,pi2*(-pi4 + pi5),π₂⋅(-π₄ + π₅),Aref_m2 * (pi2*(-pi4 + pi5)) * sqrt(2 * rho_in_kg_m3 * deltaP_Pa) * 1000
0.6700306983317587,1,0,x2*(-x4 + x5),"mul,x2,add,sub,x5,x2,sub,sub,add,x3,x2,x3,x4",0.242525647888,0.242525647888,False,pi2*(-pi4 + pi5),π₂⋅(-π₄ + π₅),Aref_m2 * (pi2*(-pi4 + pi5)) * sqrt(2 * rho_in_kg_m3 * deltaP_Pa) * 1000
0.6700306983317587,1,0,x2*x5 - x4*(x2 + x4**3/x5),"sub,mul,x5,x2,mul,x4,add,div,mul,mul,x4,x4,x4,x5,x2",0.242525647888,0.242525647888,False,pi2*pi5 - pi4*(pi2 + pi4**3/pi5),"           ⎛       3⎞
           ⎜     π₄ ⎟
π₂⋅π₅ - π₄⋅⎜π₂ + ───⎟
           ⎝      π₅⎠",Aref_m2 * (pi2*pi5 - pi4*(pi2 + pi4**3/pi5)) * sqrt(2 * rho_in_kg_m3 * deltaP_Pa) * 1000
0.6700299216875193,1,0,x2*x5*(-x4 + (2*x1 + x5)/(x4*x5)),"mul,x5,mul,x2,sub,div,div,add,add,x5,x1,x1,x5,x4,x4",0.2425273517829747,0.2425273517829747,False,pi2*pi5*(-pi4 + (2*pi1 + pi5)/(pi4*pi5)),"      ⎛      2⋅π₁ + π₅⎞
π₂⋅π₅⋅⎜-π₄ + ─────────⎟
      ⎝        π₄⋅π₅  ⎠",Aref_m2 * (pi2*pi5*(-pi4 + (2*pi1 + pi5)/(pi4*pi5))) * sqrt(2 * rho_in_kg_m3 * deltaP_Pa) * 1000
0.6700229351744244,1,0,x2*x5 - x4,"sub,mul,x2,x5,x4",0.2425426800772947,0.2425426800772947,False,pi2*pi5 - pi4,π₂⋅π₅ - π₄,Aref_m2 * (pi2*pi5 - pi4) * sqrt(2 * rho_in_kg_m3 * deltaP_Pa) * 1000
0.6700188196813951,1,0,x5*(x2 - x4/x3),"mul,x5,sub,x2,div,x4,x3",0.2425517097773373,0.2425517097773373,False,pi5*(pi2 - pi4/pi3),"   ⎛     π₄⎞
π₅⋅⎜π₂ - ──⎟
   ⎝     π₃⎠",Aref_m2 * (pi5*(pi2 - pi4/pi3)) * sqrt(2 * rho_in_kg_m3 * deltaP_Pa) * 1000
0.6700096785532685,1,0,x5*(x2 - x4),"mul,x5,sub,sub,add,x2,x3,x3,x4",0.2425717670954413,0.2425717670954413,False,pi5*(pi2 - pi4),π₅⋅(π₂ - π₄),Aref_m2 * (pi5*(pi2 - pi4)) * sqrt(2 * rho_in_kg_m3 * deltaP_Pa) * 1000
0.6700092165213645,1,0,(x2 - x4)*(-x4 + x5),"mul,sub,x2,x4,sub,add,x5,x3,add,x3,x4",0.2425727809150518,0.2425727809150518,False,(pi2 - pi4)*(-pi4 + pi5),(π₂ - π₄)⋅(-π₄ + π₅),Aref_m2 * ((pi2 - pi4)*(-pi4 + pi5)) * sqrt(2 * rho_in_kg_m3 * deltaP_Pa) * 1000
0.6699881960033531,1,0,(-x2 + 2*x4)*(x2**2*x4 - x5),"mul,sub,mul,x4,mul,x2,x2,x5,sub,x4,sub,x2,x4",0.2426189091843516,0.2426189091843516,False,(-pi2 + 2*pi4)*(pi2**2*pi4 - pi5),"             ⎛  2        ⎞
(-π₂ + 2⋅π₄)⋅⎝π₂ ⋅π₄ - π₅⎠",Aref_m2 * ((-pi2 + 2*pi4)*(pi2**2*pi4 - pi5)) * sqrt(2 * rho_in_kg_m3 * deltaP_Pa) * 1000
0.6698843254383953,1,0,x2*x5 - x4/x2,"sub,mul,x2,x5,div,add,x4,mul,sub,x5,x5,sub,x4,x2,x2",0.2428469538200431,0.2428469538200431,False,pi2*pi5 - pi4/pi2,"        π₄
π₂⋅π₅ - ──
        π₂",Aref_m2 * (pi2*pi5 - pi4/pi2) * sqrt(2 * rho_in_kg_m3 * deltaP_Pa) * 1000
0.6608378270206716,1,0,x2*(x1 - x2 + x5),"mul,sub,add,x5,x1,x2,x2",0.2634056154040114,0.2634056154040114,False,pi2*(pi1 - pi2 + pi5),π₂⋅(π₁ - π₂ + π₅),Aref_m2 * (pi2*(pi1 - pi2 + pi5)) * sqrt(2 * rho_in_kg_m3 * deltaP_Pa) * 1000
0.6601927547267815,1,0,(-x2 + 2*x4)*(x2 - x5),"mul,sub,x2,x5,sub,x4,sub,x2,x4",0.2649254991949169,0.2649254991949169,False,(-pi2 + 2*pi4)*(pi2 - pi5),(-π₂ + 2⋅π₄)⋅(π₂ - π₅),Aref_m2 * ((-pi2 + 2*pi4)*(pi2 - pi5)) * sqrt(2 * rho_in_kg_m3 * deltaP_Pa) * 1000
0.6560007974860711,1,0,x2*(x1 + x4 + x5) + x4,"add,x4,mul,add,add,x1,x5,x4,x2",0.274983184336574,0.274983184336574,False,pi2*(pi1 + pi4 + pi5) + pi4,π₂⋅(π₁ + π₄ + π₅) + π₄,Aref_m2 * (pi2*(pi1 + pi4 + pi5) + pi4) * sqrt(2 * rho_in_kg_m3 * deltaP_Pa) * 1000
0.655996411633617,2,0,x2*(x1 + x5),"mul,x2,add,x5,x1",0.2749938732970373,0.2749938732970373,False,pi2*(pi1 + pi5),π₂⋅(π₁ + π₅),Aref_m2 * (pi2*(pi1 + pi5)) * sqrt(2 * rho_in_kg_m3 * deltaP_Pa) * 1000
0.655322508350121,1,0,x2*x3*x5/(x2 + x3),"mul,x5,mul,div,x3,add,add,sub,x1,x1,x2,x3,x2",0.276640447007289,0.276640447007289,False,pi2*pi3*pi5/(pi2 + pi3),"π₂⋅π₃⋅π₅
────────
π₂ + π₃ ",Aref_m2 * (pi2*pi3*pi5/(pi2 + pi3)) * sqrt(2 * rho_in_kg_m3 * deltaP_Pa) * 1000
0.6535022852413835,1,0,x2*(x5 + (x1 + x2)/x3),"div,x5,div,x5,mul,add,div,add,x1,x2,x3,x5,x2",0.2811295698712016,0.2811295698712016,False,pi2*(pi5 + (pi1 + pi2)/pi3),"   ⎛     π₁ + π₂⎞
π₂⋅⎜π₅ + ───────⎟
   ⎝        π₃  ⎠",Aref_m2 * (pi2*(pi5 + (pi1 + pi2)/pi3)) * sqrt(2 * rho_in_kg_m3 * deltaP_Pa) * 1000
0.651998677994171,1,0,-x2 + x2*x5/(x1*x3**2),"sub,div,x2,mul,mul,div,x3,x5,div,x1,div,x4,x4,x3,x2",0.2848841959330399,0.2848841959330399,False,-pi2 + pi2*pi5/(pi1*pi3**2),"      π₂⋅π₅ 
-π₂ + ──────
           2
      π₁⋅π₃ ",Aref_m2 * (-pi2 + pi2*pi5/(pi1*pi3**2)) * sqrt(2 * rho_in_kg_m3 * deltaP_Pa) * 1000
0.6505908107684067,1,0,x2*(-x1*(x1 - x2) - x2 + x5),"mul,x2,sub,sub,x5,x2,mul,sub,x1,x2,x1",0.2884382123445259,0.2884382123445259,False,pi2*(-pi1*(pi1 - pi2) - pi2 + pi5),π₂⋅(-π₁⋅(π₁ - π₂) - π₂ + π₅),Aref_m2 * (pi2*(-pi1*(pi1 - pi2) - pi2 + pi5)) * sqrt(2 * rho_in_kg_m3 * deltaP_Pa) * 1000
0.6369641838914595,1,0,x2*x3*(2*x1 + (-x1 + x5)/x3),"mul,x2,mul,add,x1,add,mul,div,div,sub,x5,x1,x3,x1,x1,x1,x3",0.3248395656150583,0.3248395656150583,False,pi2*pi3*(2*pi1 + (-pi1 + pi5)/pi3),"      ⎛       -π₁ + π₅⎞
π₂⋅π₃⋅⎜2⋅π₁ + ────────⎟
      ⎝          π₃   ⎠",Aref_m2 * (pi2*pi3*(2*pi1 + (-pi1 + pi5)/pi3)) * sqrt(2 * rho_in_kg_m3 * deltaP_Pa) * 1000
0.633549901157417,1,0,x2*(x1*x2 + x1 + 2*x2 - x4 + x5),"mul,x2,add,add,add,add,sub,mul,x2,x1,x4,x1,x2,x5,x2",0.334555390144076,0.334555390144076,False,pi2*(pi1*pi2 + pi1 + 2*pi2 - pi4 + pi5),π₂⋅(π₁⋅π₂ + π₁ + 2⋅π₂ - π₄ + π₅),Aref_m2 * (pi2*(pi1*pi2 + pi1 + 2*pi2 - pi4 + pi5)) * sqrt(2 * rho_in_kg_m3 * deltaP_Pa) * 1000
0.6304372463747133,1,0,(x2*x3*x5*(-x2 + x3) + x4)/x3,"div,add,mul,mul,mul,sub,x3,x2,x3,x2,x5,x4,x3",0.3436312578805005,0.3436312578805005,False,(pi2*pi3*pi5*(-pi2 + pi3) + pi4)/pi3,"π₂⋅π₃⋅π₅⋅(-π₂ + π₃) + π₄
────────────────────────
           π₃           ",Aref_m2 * ((pi2*pi3*pi5*(-pi2 + pi3) + pi4)/pi3) * sqrt(2 * rho_in_kg_m3 * deltaP_Pa) * 1000
0.6246358783786083,1,0,x4 + x2*x5/(3*x1),"add,x4,mul,div,x2,add,add,x4,add,sub,x1,x4,x1,x1,x5",0.3611201035998733,0.3611201035998733,False,pi4 + pi2*pi5/(3*pi1),"     π₂⋅π₅
π₄ + ─────
      3⋅π₁",Aref_m2 * (pi4 + pi2*pi5/(3*pi1)) * sqrt(2 * rho_in_kg_m3 * deltaP_Pa) * 1000
0.6210787927067091,1,0,x2*x5**2/(x5 + x2/x1),"mul,x2,mul,x5,div,x5,add,x5,div,x2,x1",0.3722240451067963,0.3722240451067963,False,pi2*pi5**2/(pi5 + pi2/pi1),"      2
 π₂⋅π₅ 
───────
     π₂
π₅ + ──
     π₁",Aref_m2 * (pi2*pi5**2/(pi5 + pi2/pi1)) * sqrt(2 * rho_in_kg_m3 * deltaP_Pa) * 1000
0.6150761388862845,1,0,x2*(x5 - x2/x1),"mul,sub,x5,div,mul,x3,div,x2,x1,x3,x2",0.3916443882932067,0.3916443882932067,False,pi2*(pi5 - pi2/pi1),"   ⎛     π₂⎞
π₂⋅⎜π₅ - ──⎟
   ⎝     π₁⎠",Aref_m2 * (pi2*(pi5 - pi2/pi1)) * sqrt(2 * rho_in_kg_m3 * deltaP_Pa) * 1000
0.599804910400977,1,0,x2*(x1 + x3)*(-x2 + x5) - x2,"sub,mul,mul,x2,sub,x5,x2,add,x1,x3,x2",0.4451675273928221,0.4451675273928221,False,pi2*(pi1 + pi3)*(-pi2 + pi5) - pi2,π₂⋅(π₁ + π₃)⋅(-π₂ + π₅) - π₂,Aref_m2 * (pi2*(pi1 + pi3)*(-pi2 + pi5) - pi2) * sqrt(2 * rho_in_kg_m3 * deltaP_Pa) * 1000
0.5980319390716733,1,0,x2*(-x3**2*(x2 + x4) + x3/x4 + x5),"mul,sub,add,div,x3,x4,x5,mul,mul,add,x2,x4,x3,x3,x2",0.4517876300358002,0.4517876300358002,False,pi2*(-pi3**2*(pi2 + pi4) + pi3/pi4 + pi5),"   ⎛    2             π₃     ⎞
π₂⋅⎜- π₃ ⋅(π₂ + π₄) + ── + π₅⎟
   ⎝                  π₄     ⎠",Aref_m2 * (pi2*(-pi3**2*(pi2 + pi4) + pi3/pi4 + pi5)) * sqrt(2 * rho_in_kg_m3 * deltaP_Pa) * 1000
0.5962756848920658,1,0,x2*(-x2 + x3*x5),"mul,x2,sub,mul,x3,x5,x2",0.4584327261704028,0.4584327261704028,False,pi2*(-pi2 + pi3*pi5),π₂⋅(-π₂ + π₃⋅π₅),Aref_m2 * (pi2*(-pi2 + pi3*pi5)) * sqrt(2 * rho_in_kg_m3 * deltaP_Pa) * 1000
0.5794801409133352,1,0,x2*(-x1 + x3 + x5),"mul,x2,add,x5,sub,sub,x4,x4,sub,x1,x3",0.5266182509336577,0.5266182509336577,False,pi2*(-pi1 + pi3 + pi5),π₂⋅(-π₁ + π₃ + π₅),Aref_m2 * (pi2*(-pi1 + pi3 + pi5)) * sqrt(2 * rho_in_kg_m3 * deltaP_Pa) * 1000
0.5790692523702394,1,0,x2*x3*(-x4*(-x2 + x3) + x5),"mul,mul,sub,x5,mul,x4,sub,sub,x3,sub,x2,x3,x3,x2,x3",0.5283969364510159,0.5283969364510159,False,pi2*pi3*(-pi4*(-pi2 + pi3) + pi5),π₂⋅π₃⋅(-π₄⋅(-π₂ + π₃) + π₅),Aref_m2 * (pi2*pi3*(-pi4*(-pi2 + pi3) + pi5)) * sqrt(2 * rho_in_kg_m3 * deltaP_Pa) * 1000
0.5790689649303417,1,0,x2*x3*(-x4 + x5),"mul,x3,mul,x2,sub,x5,x4",0.5283981826765692,0.5283981826765692,False,pi2*pi3*(-pi4 + pi5),π₂⋅π₃⋅(-π₄ + π₅),Aref_m2 * (pi2*pi3*(-pi4 + pi5)) * sqrt(2 * rho_in_kg_m3 * deltaP_Pa) * 1000
0.5790684436744565,1,0,x3*x5*(-x1*x4**2 + x2),"mul,x5,mul,sub,x2,mul,x1,mul,x4,x4,x3",0.5284004426425443,0.5284004426425443,False,pi3*pi5*(-pi1*pi4**2 + pi2),"      ⎛       2     ⎞
π₃⋅π₅⋅⎝- π₁⋅π₄  + π₂⎠",Aref_m2 * (pi3*pi5*(-pi1*pi4**2 + pi2)) * sqrt(2 * rho_in_kg_m3 * deltaP_Pa) * 1000
0.5790684436639145,1,0,x2*x3*(-x2*x4**2 + x5),"mul,x2,mul,x3,sub,x5,mul,x2,mul,x4,x4",0.5284004426882505,0.5284004426882505,False,pi2*pi3*(-pi2*pi4**2 + pi5),"      ⎛       2     ⎞
π₂⋅π₃⋅⎝- π₂⋅π₄  + π₅⎠",Aref_m2 * (pi2*pi3*(-pi2*pi4**2 + pi5)) * sqrt(2 * rho_in_kg_m3 * deltaP_Pa) * 1000
0.579068443663851,1,0,x2*x3*x5,"mul,mul,x2,x3,x5",0.5284004426885263,0.5284004426885263,False,pi2*pi3*pi5,π₂⋅π₃⋅π₅,Aref_m2 * (pi2*pi3*pi5) * sqrt(2 * rho_in_kg_m3 * deltaP_Pa) * 1000
0.579068443663851,1,0,x2*x3*x5,"mul,mul,x5,x3,x2",0.5284004426885262,0.5284004426885262,False,pi2*pi3*pi5,π₂⋅π₃⋅π₅,Aref_m2 * (pi2*pi3*pi5) * sqrt(2 * rho_in_kg_m3 * deltaP_Pa) * 1000
0.579068443663851,1,0,x1*x2*x3*x5**2*(x1 + x2)/x4,"mul,mul,x2,x5,mul,div,mul,mul,add,x1,x2,x5,x1,x4,x3",0.528400442688526,0.528400442688526,False,pi1*pi2*pi3*pi5**2*(pi1 + pi2)/pi4,"           2          
π₁⋅π₂⋅π₃⋅π₅ ⋅(π₁ + π₂)
──────────────────────
          π₄          ",Aref_m2 * (pi1*pi2*pi3*pi5**2*(pi1 + pi2)/pi4) * sqrt(2 * rho_in_kg_m3 * deltaP_Pa) * 1000
0.5790676015291104,1,0,x2*x3*(x3*x4 + x5),"mul,x2,mul,add,x5,mul,mul,x4,div,x3,x1,x1,x3",0.52840409388119,0.52840409388119,False,pi2*pi3*(pi3*pi4 + pi5),π₂⋅π₃⋅(π₃⋅π₄ + π₅),Aref_m2 * (pi2*pi3*(pi3*pi4 + pi5)) * sqrt(2 * rho_in_kg_m3 * deltaP_Pa) * 1000
0.579062104574433,1,0,x2*x5**2*(x3/x5 + 2*x4),"mul,x5,mul,mul,add,add,x4,x4,div,x3,x5,x2,x5",0.528427927265954,0.528427927265954,False,pi2*pi5**2*(pi3/pi5 + 2*pi4),"     2 ⎛π₃       ⎞
π₂⋅π₅ ⋅⎜── + 2⋅π₄⎟
       ⎝π₅       ⎠",Aref_m2 * (pi2*pi5**2*(pi3/pi5 + 2*pi4)) * sqrt(2 * rho_in_kg_m3 * deltaP_Pa) * 1000
0.5790391677269133,1,0,x3*x5*(x2 + x4) + x4,"add,x4,mul,mul,x5,add,add,sub,x2,x5,x4,x5,x3",0.5285273862347377,0.5285273862347377,False,pi3*pi5*(pi2 + pi4) + pi4,π₃⋅π₅⋅(π₂ + π₄) + π₄,Aref_m2 * (pi3*pi5*(pi2 + pi4) + pi4) * sqrt(2 * rho_in_kg_m3 * deltaP_Pa) * 1000
0.5786945582031671,1,0,x5*(x2*x3 - x4*(x2/x3 - x3)/x2),"mul,x5,sub,mul,x2,x3,mul,div,sub,div,x2,x3,x3,x2,x4",0.5300237622855437,0.5300237622855437,False,pi5*(pi2*pi3 - pi4*(pi2/pi3 - pi3)/pi2),"   ⎛           ⎛π₂     ⎞⎞
   ⎜        π₄⋅⎜── - π₃⎟⎟
   ⎜           ⎝π₃     ⎠⎟
π₅⋅⎜π₂⋅π₃ - ────────────⎟
   ⎝             π₂     ⎠",Aref_m2 * (pi5*(pi2*pi3 - pi4*(pi2/pi3 - pi3)/pi2)) * sqrt(2 * rho_in_kg_m3 * deltaP_Pa) * 1000
0.5708977871266836,1,0,x2*x5 + x2 - x4,"sub,add,mul,x5,x2,x2,x4",0.564943204606897,0.564943204606897,False,pi2*pi5 + pi2 - pi4,π₂⋅π₅ + π₂ - π₄,Aref_m2 * (pi2*pi5 + pi2 - pi4) * sqrt(2 * rho_in_kg_m3 * deltaP_Pa) * 1000
0.5708952870725262,1,0,x2*x5 + x2,"add,mul,x5,x2,x2",0.5649547356661969,0.5649547356661969,False,pi2*pi5 + pi2,π₂⋅π₅ + π₂,Aref_m2 * (pi2*pi5 + pi2) * sqrt(2 * rho_in_kg_m3 * deltaP_Pa) * 1000
0.5708952870725262,1,0,x2*(x1/(x2*x4) + x5),"mul,x2,add,x5,div,x1,mul,x4,x2",0.564954735666197,0.564954735666197,False,pi2*(pi1/(pi2*pi4) + pi5),"   ⎛  π₁      ⎞
π₂⋅⎜───── + π₅⎟
   ⎝π₂⋅π₄     ⎠",Aref_m2 * (pi2*(pi1/(pi2*pi4) + pi5)) * sqrt(2 * rho_in_kg_m3 * deltaP_Pa) * 1000
0.5708952870725262,1,0,x2*(x5 + (x3*x5 - x3)/x4),"mul,x2,add,div,mul,x1,div,sub,mul,x5,x3,x3,x4,x1,x5",0.564954735666197,0.564954735666197,False,pi2*(pi5 + (pi3*pi5 - pi3)/pi4),"   ⎛     π₃⋅π₅ - π₃⎞
π₂⋅⎜π₅ + ──────────⎟
   ⎝         π₄    ⎠",Aref_m2 * (pi2*(pi5 + (pi3*pi5 - pi3)/pi4)) * sqrt(2 * rho_in_kg_m3 * deltaP_Pa) * 1000
0.5708952870725262,1,0,x2*x5 + x2,"add,mul,x2,x5,x2",0.5649547356661969,0.5649547356661969,False,pi2*pi5 + pi2,π₂⋅π₅ + π₂,Aref_m2 * (pi2*pi5 + pi2) * sqrt(2 * rho_in_kg_m3 * deltaP_Pa) * 1000
0.5708918851001904,1,0,x2*x5 + x2 + x3*x4,"add,mul,x5,x2,add,x2,mul,x3,x4",0.5649704270154183,0.5649704270154183,False,pi2*pi5 + pi2 + pi3*pi4,π₂⋅π₅ + π₂ + π₃⋅π₄,Aref_m2 * (pi2*pi5 + pi2 + pi3*pi4) * sqrt(2 * rho_in_kg_m3 * deltaP_Pa) * 1000
0.5708912563179538,1,0,x2 + (x2 + x4)*(x5 - x4/(x1*x5)),"add,mul,sub,x5,div,x4,mul,x1,x5,add,x4,x2,x2",0.5649733272719515,0.5649733272719515,False,pi2 + (pi2 + pi4)*(pi5 - pi4/(pi1*pi5)),"               ⎛       π₄ ⎞
π₂ + (π₂ + π₄)⋅⎜π₅ - ─────⎟
               ⎝     π₁⋅π₅⎠",Aref_m2 * (pi2 + (pi2 + pi4)*(pi5 - pi4/(pi1*pi5))) * sqrt(2 * rho_in_kg_m3 * deltaP_Pa) * 1000
0.5708865885098241,1,0,x2 + x5*(x2 + 2*x4),"div,x5,div,x5,add,mul,add,x4,add,x4,x2,x5,x2",0.5649948579580762,0.5649948579580762,False,pi2 + pi5*(pi2 + 2*pi4),π₂ + π₅⋅(π₂ + 2⋅π₄),Aref_m2 * (pi2 + pi5*(pi2 + 2*pi4)) * sqrt(2 * rho_in_kg_m3 * deltaP_Pa) * 1000
0.565570807426017,1,0,x2*(x1*x5 + x5),"mul,x2,add,x5,mul,div,mul,x5,x3,x3,x1",0.5900163310394057,0.5900163310394057,False,pi2*(pi1*pi5 + pi5),π₂⋅(π₁⋅π₅ + π₅),Aref_m2 * (pi2*(pi1*pi5 + pi5)) * sqrt(2 * rho_in_kg_m3 * deltaP_Pa) * 1000
0.5628423371833559,1,0,x2*(-x3 + (x3 + x4)*(x1*x5 + x5)),"mul,sub,mul,add,x5,mul,x1,x5,add,x3,x4,x3,x2",0.6032574240628726,0.6032574240628726,False,pi2*(-pi3 + (pi3 + pi4)*(pi1*pi5 + pi5)),π₂⋅(-π₃ + (π₃ + π₄)⋅(π₁⋅π₅ + π₅)),Aref_m2 * (pi2*(-pi3 + (pi3 + pi4)*(pi1*pi5 + pi5))) * sqrt(2 * rho_in_kg_m3 * deltaP_Pa) * 1000
0.5602979885824784,1,0,x2*(-x1 + x2*(x1 + x2/x3) + 2*x3),"mul,x2,add,add,sub,x3,x1,mul,add,x1,div,x2,x3,x2,x3",0.6158554340689798,0.6158554340689798,False,pi2*(-pi1 + pi2*(pi1 + pi2/pi3) + 2*pi3),"   ⎛         ⎛     π₂⎞       ⎞
π₂⋅⎜-π₁ + π₂⋅⎜π₁ + ──⎟ + 2⋅π₃⎟
   ⎝         ⎝     π₃⎠       ⎠",Aref_m2 * (pi2*(-pi1 + pi2*(pi1 + pi2/pi3) + 2*pi3)) * sqrt(2 * rho_in_kg_m3 * deltaP_Pa) * 1000
0.5537740207440581,1,0,x2*(-2*x1 + x2 + x5),"mul,sub,x5,sub,add,mul,div,x3,x3,x1,x1,x2,x2",0.6492987204175105,0.6492987204175105,False,pi2*(-2*pi1 + pi2 + pi5),π₂⋅(-2⋅π₁ + π₂ + π₅),Aref_m2 * (pi2*(-2*pi1 + pi2 + pi5)) * sqrt(2 * rho_in_kg_m3 * deltaP_Pa) * 1000
0.5526234382215092,1,0,(-x2*x3*x4/x5 + x2 + x4)/(x1*x3),"div,div,add,sub,x2,div,mul,x2,mul,x4,x3,x5,x4,x1,x3",0.6553719565430166,0.6553719565430166,False,(-pi2*pi3*pi4/pi5 + pi2 + pi4)/(pi1*pi3),"  π₂⋅π₃⋅π₄          
- ──────── + π₂ + π₄
     π₅             
────────────────────
       π₁⋅π₃        ",Aref_m2 * ((-pi2*pi3*pi4/pi5 + pi2 + pi4)/(pi1*pi3)) * sqrt(2 * rho_in_kg_m3 * deltaP_Pa) * 1000
0.5526215580977095,1,0,(x2/(x1 - x4) + x4)/x3,"mul,x3,div,div,add,x4,div,x2,sub,x1,x4,x3,x3",0.6553819244711329,0.6553819244711329,False,(pi2/(pi1 - pi4) + pi4)/pi3,"   π₂       
─────── + π₄
π₁ - π₄     
────────────
     π₃     ",Aref_m2 * ((pi2/(pi1 - pi4) + pi4)/pi3) * sqrt(2 * rho_in_kg_m3 * deltaP_Pa) * 1000
0.552618360291431,1,0,x2/(x3*(x1 + x4*(-x1 + x2 + x3 - x4) - x4)),"div,x2,mul,x3,sub,add,mul,add,sub,sub,x3,x1,x4,x2,x4,x1,x4",0.6553988787394506,0.6553988787394506,False,pi2/(pi3*(pi1 + pi4*(-pi1 + pi2 + pi3 - pi4) - pi4)),"                  π₂                  
──────────────────────────────────────
π₃⋅(π₁ + π₄⋅(-π₁ + π₂ + π₃ - π₄) - π₄)",Aref_m2 * (pi2/(pi3*(pi1 + pi4*(-pi1 + pi2 + pi3 - pi4) - pi4))) * sqrt(2 * rho_in_kg_m3 * deltaP_Pa) * 1000
0.552617676429823,1,0,x2/(x3*(x1 + x4)),"div,x2,mul,x3,add,x1,x4",0.6554025045205781,0.6554025045205781,False,pi2/(pi3*(pi1 + pi4)),"     π₂     
────────────
π₃⋅(π₁ + π₄)",Aref_m2 * (pi2/(pi3*(pi1 + pi4))) * sqrt(2 * rho_in_kg_m3 * deltaP_Pa) * 1000
0.5482387716579292,1,0,x2*x4 - (-x2 + x2/x5 - x4)/x1,"sub,mul,x4,x2,div,sub,sub,div,div,mul,x2,x1,x5,x1,x2,x4,x1",0.6790135167581763,0.6790135167581763,False,pi2*pi4 - (-pi2 + pi2/pi5 - pi4)/pi1,"              π₂     
        -π₂ + ── - π₄
              π₅     
π₂⋅π₄ - ─────────────
              π₁     ",Aref_m2 * (pi2*pi4 - (-pi2 + pi2/pi5 - pi4)/pi1) * sqrt(2 * rho_in_kg_m3 * deltaP_Pa) * 1000
0.5477449981816789,1,0,x1*x2*x3**2/(x1 - x2 + x4),"mul,x3,div,mul,x2,mul,x1,x3,sub,add,x1,x4,x2",0.6817260925820878,0.6817260925820878,False,pi1*pi2*pi3**2/(pi1 - pi2 + pi4),"         2  
 π₁⋅π₂⋅π₃   
────────────
π₁ - π₂ + π₄",Aref_m2 * (pi1*pi2*pi3**2/(pi1 - pi2 + pi4)) * sqrt(2 * rho_in_kg_m3 * deltaP_Pa) * 1000
0.5441524137303397,1,0,x2*x5*(x1 + x3*x4/(x2*x5)),"mul,x5,mul,add,x1,div,x3,mul,div,x2,x4,x5,x2",0.7017754949893359,0.7017754949893359,False,pi2*pi5*(pi1 + pi3*pi4/(pi2*pi5)),"      ⎛     π₃⋅π₄⎞
π₂⋅π₅⋅⎜π₁ + ─────⎟
      ⎝     π₂⋅π₅⎠",Aref_m2 * (pi2*pi5*(pi1 + pi3*pi4/(pi2*pi5))) * sqrt(2 * rho_in_kg_m3 * deltaP_Pa) * 1000
0.5432493664281245,1,0,x2*(-x1*x2**2 - x3 + x5) + x2,"add,x2,mul,x2,sub,sub,x5,mul,mul,x2,x2,x1,x3",0.7069030572311062,0.7069030572311062,False,pi2*(-pi1*pi2**2 - pi3 + pi5) + pi2,"   ⎛       2          ⎞     
π₂⋅⎝- π₁⋅π₂  - π₃ + π₅⎠ + π₂",Aref_m2 * (pi2*(-pi1*pi2**2 - pi3 + pi5) + pi2) * sqrt(2 * rho_in_kg_m3 * deltaP_Pa) * 1000
0.5430317209052169,1,0,x2*(-x1 - x3 + 2*x5),"mul,x2,add,sub,x4,sub,add,x4,add,x3,x1,x5,x5",0.7081442114268852,0.7081442114268852,False,pi2*(-pi1 - pi3 + 2*pi5),π₂⋅(-π₁ - π₃ + 2⋅π₅),Aref_m2 * (pi2*(-pi1 - pi3 + 2*pi5)) * sqrt(2 * rho_in_kg_m3 * deltaP_Pa) * 1000
0.5430317209052169,1,0,x2*(x1*(-x1 + x5)/x4 - x3 + x5),"mul,sub,add,x5,mul,div,x1,x4,sub,x5,x1,x3,x2",0.7081442114268852,0.7081442114268852,False,pi2*(pi1*(-pi1 + pi5)/pi4 - pi3 + pi5),"   ⎛π₁⋅(-π₁ + π₅)          ⎞
π₂⋅⎜───────────── - π₃ + π₅⎟
   ⎝      π₄               ⎠",Aref_m2 * (pi2*(pi1*(-pi1 + pi5)/pi4 - pi3 + pi5)) * sqrt(2 * rho_in_kg_m3 * deltaP_Pa) * 1000
0.5403851758890443,1,0,x2*(x2 + x3 + 1),"mul,x2,add,add,x3,div,x1,x1,x2",0.7234044931811167,0.7234044931811167,False,pi2*(pi2 + pi3 + 1),π₂⋅(π₂ + π₃ + 1),Aref_m2 * (pi2*(pi2 + pi3 + 1)) * sqrt(2 * rho_in_kg_m3 * deltaP_Pa) * 1000
0.5399086542274134,1,0,2*x2*x3,"mul,mul,x3,add,x2,x2,div,x1,x1",0.7261854632560315,0.7261854632560315,False,2*pi2*pi3,2⋅π₂⋅π₃,Aref_m2 * (2*pi2*pi3) * sqrt(2 * rho_in_kg_m3 * deltaP_Pa) * 1000
